State,Year,Population,Rural,Urban,Literacy,Sex_Ratio
Andaman & Nicobar Islands,1951,31,23,8.0,30.3,625
Andhra Pradesh,1951,31115,25695,5420.0,0.0,986
Arunachal Pradesh,1951,200,200,0.0,0.0,0
Assam,1951,8029,7684,345.0,18.53,868
Bihar,1951,29085,27219,1866.0,13.49,"1,000"
Chhattisgarh,1951,7457,7093,364.0,9.41,"1,024"
Dadra & Nagar Haveli,1951,42,42,0.0,0.0,946
Daman & Diu,1951,49,30,18.0,0.0,"1,125"
Delhi,1951,1744,307,1437.0,0.0,768
Goa,1951,547,477,71.0,23.48,"1,128"
Gujarat,1951,16263,11835,4428.0,21.82,952
Haryana,1951,5674,4705,968.0,0.0,871
Himachal Pradesh,1951,2386,2232,154.0,0.0,912
Jammu & Kashmir,1951,3254,2797,457.0,0.0,873
Jharkhand,1951,9697,8937,760.0,12.93,961
Karnataka,1951,19402,14948,4453.0,0.0,966
Kerala,1951,13549,11723,1826.0,47.18,"1,028"
Lakshadweep,1951,21,21,0.0,15.23,"1,043"
Madhya Pradesh,1951,18615,15846,2769.0,13.16,945
Maharashtra,1951,32003,22802,9201.0,27.91,941
Manipur,1951,578,575,3.0,12.57,"1,036"
Meghalaya,1951,606,547,59.0,0.0,949
Mizoram,1951,196,189,7.0,31.14,"1,041"
Nagaland,1951,213,209,4.0,10.52,999
Odisha,1951,14646,14052,594.0,15.8,"1,022"
Puducherry,1951,317,317,0.0,0.0,"1,030"
Punjab,1951,9161,7171,1989.0,0.0,844
Rajasthan,1951,15971,13015,2955.0,8.5,921
Sikkim,1951,138,135,3.0,0.0,907
Tamil Nadu,1951,30119,22786,7334.0,0.0,"1,007"
Tripura,1951,639,596,43.0,0.0,904
Uttar Pradesh,1951,60274,52049,8225.0,12.02,908
Uttarakhand,1951,2946,2545,401.0,18.93,940
West Bengal,1951,26300,20018,6282.0,24.61,865
ALL INDIA,1951,361088,298644,62444.0,18.33,946
Andaman & Nicobar Islands,1961,64,49,14.0,40.07,617
Andhra Pradesh,1961,35983,29709,6275.0,21.19,981
Arunachal Pradesh,1961,337,337,0.0,7.13,894
Assam,1961,10837,10056,781.0,32.95,869
Bihar,1961,34841,32261,2581.0,21.95,"1,005"
Chandigarh,1961,120,21,99.0,0.0,652
Chhattisgarh,1961,9154,8392,763.0,18.14,"1,008"
Dadra & Nagar Haveli,1961,58,58,0.0,0.0,963
Daman & Diu,1961,37,23,13.0,0.0,"1,169"
Delhi,1961,2659,299,2359.0,61.95,785
Goa,1961,590,503,87.0,35.41,"1,066"
Gujarat,1961,20633,15317,5317.0,31.47,940
Haryana,1961,7591,6283,1308.0,0.0,868
Himachal Pradesh,1961,2812,2634,178.0,0.0,938
Jammu & Kashmir,1961,3561,2968,593.0,12.95,878
Jharkhand,1961,11606,10273,1333.0,21.14,960
Karnataka,1961,23587,18320,5266.0,29.8,959
Kerala,1961,16904,14350,2554.0,55.08,"1,022"
Lakshadweep,1961,24,24,0.0,27.15,"1,020"
Madhya Pradesh,1961,23218,19353,3865.0,21.41,932
Maharashtra,1961,39554,28391,11163.0,35.08,936
Manipur,1961,780,712,68.0,36.04,"1,015"
Meghalaya,1961,769,652,117.0,26.92,937
Mizoram,1961,266,252,14.0,44.01,"1,009"
Nagaland,1961,369,350,19.0,21.95,933
Odisha,1961,17549,16439,1110.0,21.66,"1,001"
Puducherry,1961,369,280,89.0,43.65,"1,013"
Punjab,1961,11135,8568,2567.0,0.0,854
Rajasthan,1961,20156,16874,3281.0,18.12,908
Sikkim,1961,162,155,7.0,0.0,904
Tamil Nadu,1961,33687,24696,8991.0,36.39,992
Tripura,1961,1142,1039,103.0,20.24,932
Uttar Pradesh,1961,70144,61160,8984.0,20.87,907
Uttarakhand,1961,3611,3115,496.0,18.05,947
West Bengal,1961,34926,26385,8541.0,34.46,878
ALL INDIA,1961,439235,360298,78937.0,28.3,941
Andaman & Nicobar Islands,1971,115,89,26.0,51.15,644
Andhra Pradesh,1971,43503,35100,8403.0,24.57,977
Arunachal Pradesh,1971,468,450,17.0,11.29,861
Assam,1971,14625,13336,1289.0,33.94,896
Bihar,1971,42126,38770,3356.0,23.17,957
Chandigarh,1971,257,24,233.0,70.43,749
Chhattisgarh,1971,11637,10430,1208.0,24.08,998
Dadra & Nagar Haveli,1971,74,74,1.0,18.13,"1,007"
Daman & Diu,1971,63,39,24.0,0.0,"1,099"
Delhi,1971,4066,419,3647.0,65.08,801
Goa,1971,795,592,203.0,51.96,981
Gujarat,1971,26697,19201,7497.0,36.95,934
Haryana,1971,10036,8263,1773.0,25.71,867
Himachal Pradesh,1971,3460,3219,242.0,0.0,958
Jammu & Kashmir,1971,4617,3758,858.0,21.71,878
Jharkhand,1971,14227,11950,2278.0,23.87,945
Karnataka,1971,29299,22177,7122.0,36.83,957
Kerala,1971,21347,17881,3466.0,69.75,"1,016"
Lakshadweep,1971,32,32,0.0,51.76,978
Madhya Pradesh,1971,30017,24440,5577.0,27.27,920
Maharashtra,1971,50412,34701,15711.0,45.77,930
Manipur,1971,1073,931,141.0,38.47,980
Meghalaya,1971,1012,865,147.0,29.49,942
Mizoram,1971,332,295,38.0,53.8,946
Nagaland,1971,516,465,51.0,33.78,871
Odisha,1971,21945,20099,1845.0,26.18,988
Puducherry,1971,472,273,198.0,53.38,989
Punjab,1971,13551,10335,3216.0,34.12,865
Rajasthan,1971,25766,21222,4544.0,22.57,911
Sikkim,1971,210,190,20.0,17.74,863
Tamil Nadu,1971,41199,28734,12465.0,45.4,978
Tripura,1971,1556,1394,162.0,30.98,943
Uttar Pradesh,1971,83849,72195,11654.0,23.99,876
Uttarakhand,1971,4493,3758,735.0,33.26,940
West Bengal,1971,44312,33345,10967.0,38.86,891
ALL INDIA,1971,548160,439046,109114.0,34.45,930
Andaman & Nicobar Islands,1981,189,139,50.0,63.19,760
Andhra Pradesh,1981,53551,41063,12488.0,35.66,975
Arunachal Pradesh,1981,632,590,41.0,25.55,862
Bihar,1981,52303,47158,5145.0,32.32,948
Chandigarh,1981,452,29,423.0,74.8,769
Chhattisgarh,1981,14010,11952,2058.0,32.63,996
Dadra & Nagar Haveli,1981,104,97,7.0,32.9,974
Daman & Diu,1981,79,50,29.0,0.0,"1,062"
Delhi,1981,6220,452,5768.0,71.94,808
Goa,1981,1008,685,323.0,65.71,975
Gujarat,1981,34086,23484,10602.0,44.92,942
Haryana,1981,12922,10095,2827.0,37.13,870
Himachal Pradesh,1981,4281,3955,326.0,0.0,973
Jammu & Kashmir,1981,5987,4727,1260.0,30.64,892
Jharkhand,1981,17612,14038,3574.0,35.03,940
Karnataka,1981,37136,26406,10730.0,46.21,963
Kerala,1981,25454,20682,4771.0,78.85,"1,032"
Lakshadweep,1981,40,22,19.0,68.42,975
Madhya Pradesh,1981,38169,29640,8528.0,38.63,921
Maharashtra,1981,62783,40789,21994.0,57.24,937
Manipur,1981,1421,1045,375.0,49.66,971
Meghalaya,1981,1336,1094,241.0,42.05,954
Mizoram,1981,494,372,122.0,59.88,919
Nagaland,1981,775,655,120.0,50.28,863
Odisha,1981,26370,23260,3110.0,33.62,981
Puducherry,1981,604,288,316.0,65.14,985
Punjab,1981,16789,12141,4648.0,43.37,879
Rajasthan,1981,34262,27051,7211.0,30.11,919
Sikkim,1981,316,265,51.0,34.05,835
Tamil Nadu,1981,48408,32456,15952.0,54.39,977
Tripura,1981,2053,1827,226.0,50.1,946
Uttar Pradesh,1981,105137,86387,18750.0,32.65,882
Uttarakhand,1981,5726,4577,1149.0,46.06,936
West Bengal,1981,54581,40134,14447.0,48.65,911
ALL INDIA,1981,683329,523867,159463.0,43.57,934
Andaman & Nicobar Islands,1991,281,206,75.0,73.02,818
Andhra Pradesh,1991,66508,48621,17887.0,44.08,972
Arunachal Pradesh,1991,865,754,111.0,41.59,859
Assam,1991,22414,19927,2488.0,52.89,923
Bihar,1991,64531,57819,6712.0,37.49,907
Chandigarh,1991,642,66,576.0,77.81,790
Chhattisgarh,1991,17615,14550,3065.0,42.91,985
Dadra & Nagar Haveli,1991,138,127,12.0,40.71,952
Daman & Diu,1991,102,54,48.0,71.2,968
Delhi,1991,9421,949,8472.0,75.29,827
Goa,1991,1170,690,480.0,75.51,967
Gujarat,1991,41310,27064,14246.0,61.29,934
Haryana,1991,16464,12409,4055.0,55.85,865
Himachal Pradesh,1991,5171,4722,449.0,63.86,976
Jammu & Kashmir,1991,7837,6043,1794.0,42.0,896
Jharkhand,1991,21844,17203,4641.0,41.39,922
Karnataka,1991,44977,31069,13908.0,56.04,960
Kerala,1991,29099,21418,7680.0,89.81,"1,036"
Lakshadweep,1991,52,23,29.0,81.78,943
Madhya Pradesh,1991,48566,36292,12274.0,44.67,912
Maharashtra,1991,78937,48396,30542.0,64.87,934
Manipur,1991,1837,1332,506.0,59.89,958
Meghalaya,1991,1775,1445,330.0,49.1,955
Mizoram,1991,690,372,318.0,82.26,921
Nagaland,1991,1210,1001,208.0,61.65,886
Odisha,1991,31660,27425,4235.0,49.09,971
Puducherry,1991,808,291,517.0,74.74,979
Punjab,1991,20282,14289,5993.0,58.51,882
Rajasthan,1991,44006,33939,10067.0,38.55,910
Sikkim,1991,406,369,37.0,56.94,878
Tamil Nadu,1991,55859,36781,19078.0,62.66,974
Tripura,1991,2757,2335,422.0,60.44,945
Uttar Pradesh,1991,132062,106090,25972.0,40.71,876
Uttarakhand,1991,7051,5417,1634.0,57.75,936
West Bengal,1991,68078,49370,18708.0,57.7,917
ALL INDIA,1991,846421,628856,217566.0,52.21,927
Andaman & Nicobar Islands,2001,356,240,116.0,81.3,846
Andhra Pradesh,2001,76210,55401,20809.0,60.47,978
Arunachal Pradesh,2001,1098,870,228.0,54.34,893
Assam,2001,26656,23216,3439.0,63.25,935
Bihar,2001,82999,74317,8682.0,47.0,919
Chandigarh,2001,901,92,809.0,81.94,777
Chhattisgarh,2001,20834,16648,4186.0,64.66,989
Dadra & Nagar Haveli,2001,220,170,50.0,57.63,812
Daman & Diu,2001,158,101,57.0,78.18,710
Delhi,2001,13851,945,12906.0,81.67,821
Goa,2001,1348,677,671.0,82.01,961
Gujarat,2001,50671,31741,18930.0,69.14,920
Haryana,2001,21145,15029,6115.0,67.91,861
Himachal Pradesh,2001,6078,5482,596.0,76.48,968
Jammu & Kashmir,2001,10144,7627,2517.0,55.52,892
Jharkhand,2001,26946,20952,5994.0,53.56,941
Karnataka,2001,52851,34889,17962.0,66.6,965
Kerala,2001,31841,23574,8267.0,90.86,"1,058"
Lakshadweep,2001,61,34,27.0,86.66,948
Madhya Pradesh,2001,60348,44381,15967.0,63.74,919
Maharashtra,2001,96879,55778,41101.0,76.88,922
Manipur,2001,2294,1718,576.0,70.5,978
Meghalaya,2001,2319,1865,454.0,62.56,972
Mizoram,2001,889,448,441.0,88.8,935
Nagaland,2001,1990,1647,343.0,66.59,900
Odisha,2001,36805,31287,5517.0,63.08,972
Puducherry,2001,974,326,649.0,81.24,"1,001"
Punjab,2001,24359,16096,8263.0,69.65,876
Rajasthan,2001,56507,43293,13214.0,60.41,921
Sikkim,2001,541,481,60.0,68.81,875
Tamil Nadu,2001,62406,34922,27484.0,73.45,987
Tripura,2001,3199,2653,546.0,73.19,948
Uttar Pradesh,2001,166198,131658,34540.0,56.27,898
Uttarakhand,2001,8489,6310,2179.0,71.62,962
West Bengal,2001,80176,57749,22427.0,68.64,934
ALL INDIA,2001,1028737,742618,286120.0,64.84,933
Andaman & Nicobar Islands,2011,381,237,143.0,86.63,876
Andhra Pradesh,2011,84581,56362,28219.0,67.02,993
Arunachal Pradesh,2011,1384,1066,317.0,65.39,938
Assam,2011,31206,26807,4399.0,72.19,958
Bihar,2011,104099,92341,11758.0,61.8,918
Chandigarh,2011,1055,29,1026.0,86.05,818
Chhattisgarh,2011,25545,19608,5937.0,70.28,991
Dadra & Nagar Haveli,2011,344,183,161.0,76.24,774
Daman & Diu,2011,243,60,183.0,87.1,618
Delhi,2011,16788,419,16369.0,86.21,868
Goa,2011,1459,552,907.0,88.7,973
Gujarat,2011,60440,34695,25745.0,78.03,919
Haryana,2011,25351,16509,8842.0,75.55,879
Himachal Pradesh,2011,6865,6176,689.0,82.8,972
Jammu & Kashmir,2011,12541,9108,3433.0,67.16,889
Jharkhand,2011,32988,25055,7933.0,66.41,948
Karnataka,2011,61095,37469,23626.0,75.37,973
Kerala,2011,33406,17471,15935.0,94.0,"1,084"
Lakshadweep,2011,64,14,50.0,91.85,947
Madhya Pradesh,2011,72627,52557,20069.0,69.32,931
Maharashtra,2011,112374,61556,50818.0,82.34,929
Manipur,2011,2856,2022,834.0,79.2,992
Meghalaya,2011,2967,2371,595.0,74.43,989
Mizoram,2011,1097,525,572.0,91.33,976
Nagaland,2011,1979,1408,571.0,79.6,931
Odisha,2011,41974,34971,7004.0,72.89,979
Puducherry,2011,1248,395,853.0,85.85,"1,037"
Punjab,2011,27743,17344,10399.0,75.84,895
Rajasthan,2011,68548,51500,17048.0,66.11,928
Sikkim,2011,611,457,154.0,81.42,890
Tamil Nadu,2011,72147,37230,34917.0,80.09,996
Tripura,2011,3674,2712,961.0,87.22,960
Uttar Pradesh,2011,199812,155317,44495.0,67.68,912
Uttarakhand,2011,10086,7037,3049.0,78.82,963
West Bengal,2011,91276,62183,29093.0,76.26,950
ALL INDIA,2011,1210855,833749,377106.0,72.99,943
